author,id,subreddit,document_publish_date,text,label
Not_Stupid,iog5q2d,AusEcon,2022-09-14 21:16:18,"&gt; How was the RBA or any other central bank meant to predict

Isn't that the point though?  They had no way of credibly predicting the future, but they did so anyway, and made bold statements about it.","{'workplace': 0.5, 'property': 0.5, 'tax': 0.5, 'insurance': 0.5, 'super': 0.5, 'public_institution': 1, 'inflation': 1, 'exchange': 0.5, 'stocks': 0.5, 'toxic': 0.5}"
flintzz,iozzkxn,AusFinance,2022-09-19 00:05:13,Builders and tradies have been getting away with poor builds for a long time now during the property boom. Prices were rising fast that buyers ignored everything just to get a home,"{'workplace': 0.5, 'property': 1, 'tax': 0.5, 'insurance': 0.5, 'super': 0.5, 'public_institution': 0.5, 'inflation': 0.5, 'exchange': 0.5, 'stocks': 1, 'toxic': 0.5}"
Top_Chemical_7350,iozvepj,fiaustralia,2022-09-18 23:34:37,"I like the genie analogy. Anecdotally from peers and from own experience, if a role is advertised as 100% in office, then it’s a hard no. 

This is a clear working culture shift and I’m absolutely here for it.","{'workplace': 1, 'property': 0.5, 'tax': 0.5, 'insurance': 0.5, 'super': 0.5, 'public_institution': 0.5, 'inflation': 0.5, 'exchange': 0.5, 'stocks': 0.5, 'toxic': 0.5}"
CalderandScale,iowuj15,fiaustralia,2022-09-18 11:08:11,"I would probably buy the house.

Immunity from future rent rises, no land tax, no CGT and due to your huge cashflow you could debt recycle it very easily.","{'workplace': 0.5, 'property': 1, 'tax': 1, 'insurance': 0.5, 'super': 0.5, 'public_institution': 0.5, 'inflation': 0.5, 'exchange': 0.5, 'stocks': 1, 'toxic': 0.5}"
TimeAcanthisitta5162,iowwz19,fiaustralia,2022-09-18 11:31:13,"Income protection, life insurance, indemnity insurance health insurance car insurance etc is 40 k per year","{'workplace': 0.5, 'property': 0.5, 'tax': 0.5, 'insurance': 1, 'super': 0.5, 'public_institution': 0.5, 'inflation': 0.5, 'exchange': 0.5, 'stocks': 0.5, 'toxic': 0.5}"
TesticularVibrations,xhvjeo,AusFinance,2022-09-18 23:31:30,Interest Rates and the Property Market | Speeches | RBA,"{'workplace': 0.5, 'property': 1, 'tax': 0.5, 'insurance': 0.5, 'super': 0.5, 'public_institution': 1, 'inflation': 1, 'exchange': 1, 'stocks': 0.5, 'toxic': 0.5}"
Ok_Coat9334,in5ppjc,AusEcon,2022-09-05 07:28:52,Interesting! Thankfully the exchange rate adjusts straight away!,"{'workplace': 0.5, 'property': 1, 'tax': 0.5, 'insurance': 0.5, 'super': 0.5, 'public_institution': 0.5, 'inflation': 0.5, 'exchange': 1, 'stocks': 0.5, 'toxic': 0.5}"
_WatchTheBirdie,ion4olu,fiaustralia,2022-09-16 08:51:37,"Max your super contributions out and look at the carry forward ones. 
Get out of balanced as youre too young too so thats wasting money. 
Whatever left pump into vdhg that doesnt impact other expenses and debt.","{'workplace': 0.5, 'property': 0.5, 'tax': 0.5, 'insurance': 0.5, 'super': 1, 'public_institution': 0.5, 'inflation': 0.5, 'exchange': 0.5, 'stocks': 1, 'toxic': 0.5}"
AutoModerator,iox6vwp,ASX_Bets,2022-09-18 12:58:46,"Motley Fool? You gotta be kidding Me. I'm just a robot, but I think it's a load of horseshit.

*I am a bot, and this action was performed automatically. Please [contact the moderators of this subreddit](/message/compose/?to=/r/ASX_Bets) if you have any questions or concerns.*","{'workplace': 0.5, 'property': 0.5, 'tax': 0.5, 'insurance': 0.5, 'super': 0.5, 'public_institution': 0.5, 'inflation': 0.5, 'exchange': 0.5, 'stocks': 1, 'toxic': 1}"
Torro-0o0-,im93408,ausstocks,2022-08-29 13:11:44,"The first time you buy a particular stock against a HIN on the ASX, the minimum value is $500. 

After that, most brokers let you buy whatever you want, e.g. Stake says this: https://hellostake.com/au/blog/stake-updates/minimum-parcels 
And CommSec ‘may’ let you buy smaller parcels: https://www.commsec.com.au/support/help-centre/placing-a-trade/minimum-shares-i-can-purchase.html","{'workplace': 0.5, 'property': 1, 'tax': 0.5, 'insurance': 0.5, 'super': 0.5, 'public_institution': 0.5, 'inflation': 0.5, 'exchange': 0.5, 'stocks': 1, 'toxic': 1}"
middlogic,ione5vv,fiaustralia,2022-09-16 10:54:25,"&gt; rents for $700/week, every time the RBA raises rates by 0.5% my mortgage goes up by $200/week

Do you really have a $2,080,000 mortgage for an investment property that rents for $700 a week? 

$200/ week increase = $10,400 a year
$2,080,000 * 0.5% increase = $10,400 a year increase","{'workplace': 0.5, 'property': 1, 'tax': 0.5, 'insurance': 0.5, 'super': 0.5, 'public_institution': 1, 'inflation': 1, 'exchange': 1, 'stocks': 1, 'toxic': 0.5}"
Admirable_Telephone2,iowo6jb,fiaustralia,2022-09-18 09:57:13,"70% International Shares / 30% Australia Shares

Balanced doesn’t appeal with the bonds etc, ride share wave","{'workplace': 0.5, 'property': 0.5, 'tax': 0.5, 'insurance': 0.5, 'super': 1, 'public_institution': 1, 'inflation': 0.5, 'exchange': 0.5, 'stocks': 1, 'toxic': 0.5}"
Anachronism59,iom7qgx,fiaustralia,2022-09-16 02:40:39,"Australia does not have a retirement age. You can access super at 60 and aged pension at 67, but you can work until you die if you wish.","{'workplace': 0.5, 'property': 0.5, 'tax': 0.5, 'insurance': 0.5, 'super': 1, 'public_institution': 0.5, 'inflation': 0.5, 'exchange': 0.5, 'stocks': 0.5, 'toxic': 0.5}"
Plupsnup,xeqkgh,AusEcon,2022-09-15 07:44:38,Businesses urge Victorian parties to replace stamp duty with land tax,"{'workplace': 0.5, 'property': 0.5, 'tax': 1, 'insurance': 0.5, 'super': 0.5, 'public_institution': 0.5, 'inflation': 0.5, 'exchange': 0.5, 'stocks': 0.5, 'toxic': 0.5}"
Friendly-Direction99,iowqbey,ASX_Bets,2022-09-18 10:23:47,"Heh, sent to wife; *Jasmine will carry the load for us all*

Updating insurance now.","{'workplace': 0.5, 'property': 0.5, 'tax': 0.5, 'insurance': 1, 'super': 0.5, 'public_institution': 0.5, 'inflation': 0.5, 'exchange': 0.5, 'stocks': 0.5, 'toxic': 0.5}"
TurtleFinders,iojnm3b,fiaustralia,2022-09-15 16:00:39,Not retired but it would be the inflation that might cause concern not so much the cash rate. I wouldn’t consider myself FI if I was still worrying about movements in interest rates.,"{'workplace': 0.5, 'property': 1, 'tax': 0.5, 'insurance': 0.5, 'super': 1, 'public_institution': 0.5, 'inflation': 1, 'exchange': 1, 'stocks': 0.5, 'toxic': 0.5}"
TheFrogTutorial,ioz2jjf,fiaustralia,2022-09-18 20:23:07,"Of course there are pros and cons. There are pro and cons to literally ever decision you make. However,  there are very few situations where WFH is worse than in office. Work/life balance positives are hard to beat.","{'workplace': 1, 'property': 0.5, 'tax': 0.5, 'insurance': 0.5, 'super': 1, 'public_institution': 0.5, 'inflation': 0.5, 'exchange': 0.5, 'stocks': 0.5, 'toxic': 0.5}"
NeoWilson,im396hf,ausstocks,2022-08-28 04:16:32,Sell all your stocks and buy ASX 200 etf since you are asking on reddit whether to buy or sell a stock you have bought.,"{'workplace': 0.5, 'property': 1, 'tax': 0.5, 'insurance': 0.5, 'super': 0.5, 'public_institution': 0.5, 'inflation': 0.5, 'exchange': 0.5, 'stocks': 1, 'toxic': 0.5}"
Moterboat76,ion7r3g,AusProperty,2022-09-16 09:35:14,"Wow, holy shit. 


I get the vibe of ""Guys, i REALLY need to sell this fucking thing. I've gone down the slide, I'll even give you a hand job if you sign today"".","{'workplace': 0.5, 'property': 0.5, 'tax': 0.5, 'insurance': 0.5, 'super': 0.5, 'public_institution': 0.5, 'inflation': 0.5, 'exchange': 0.5, 'stocks': 0.5, 'toxic': 1}"
JamesFlemming,ioy5hgc,fiaustralia,2022-09-18 17:02:00,"\&gt; When everyone else is trying to collaborate or get their input on their   
leg of work it’s impossible to get ahold of them. They will sometimes   
not respond for hours and it makes things extremely clunky.

Ring their mobiles.","{'workplace': 0.5, 'property': 1, 'tax': 0.5, 'insurance': 0.5, 'super': 0.5, 'public_institution': 0.5, 'inflation': 0.5, 'exchange': 1, 'stocks': 0.5, 'toxic': 0.5}"
